	Accuracy	Recall	Precision	F1 Score	MCC	Threshold
0	0.9656019656019657	0.9090909090909091	0.8	0.851063829787234	0.8338806453270445	0.1039946401541335
1	0.9699017199017199	0.9034090909090909	0.8324607329842932	0.8664850136239782	0.8504584415436264	0.20740193684011948
2	0.9637814610190301	0.7231638418079096	0.927536231884058	0.8126984126984127	0.8005204941088212	0.9957775488404071
3	0.9705159705159705	0.8920454545454546	0.8440860215053764	0.8674033149171271	0.8512426632176493	0.17020471549619348
4	0.9594843462246777	0.8983050847457628	0.7681159420289855	0.828125	0.8084910000895786	0.18107149521400104
