	Accuracy	Recall	Precision	F1 Score	MCC	Threshold
0	0.9398034398034398	0.7443181818181818	0.7119565217391305	0.7277777777777777	0.6941734561240291	9.226468773659848
1	0.9434889434889435	0.8409090909090909	0.6981132075471698	0.7628865979381443	0.7352022500817218	8.653066866641678
2	0.9281767955801105	0.807909604519774	0.6327433628318584	0.7096774193548387	0.6758970209030309	8.621860093304251
3	0.9398034398034398	0.6647727272727273	0.75	0.7048192771084337	0.6729534788039864	9.563190151698729
4	0.9386126457949663	0.6949152542372882	0.727810650887574	0.7109826589595376	0.6768890297457236	9.437807058542184
