	Accuracy	Recall	Precision	F1 Score	MCC	Threshold
0	0.9376558603491272	0.7771428571428571	0.6903553299492385	0.7311827956989247	0.6976226312749344	9.188714548262034
1	0.9451371571072319	0.7542857142857143	0.7457627118644068	0.7500000000000001	0.7192034394141833	10.454881675298612
2	0.956359102244389	0.8285714285714286	0.7837837837837838	0.8055555555555555	0.7813807698979668	8.158840325677268
3	0.9133416458852868	0.7257142857142858	0.5825688073394495	0.6463104325699746	0.6022893317433385	8.250607694462646
4	0.9333333333333333	0.7428571428571429	0.6770833333333334	0.7084468664850135	0.671820693264785	8.000507332279868
