	Metric	Value
0	Accuracy	0.930841121495327
1	MCC	0.6449395732452105
2	Recall	0.6857142857142857
3	Precision	0.6818181818181818
4	F1 score	0.6837606837606837
