	Metric	Value
0	Accuracy	0.9337016574585635
1	MCC	0.6628609167117081
2	Recall	0.711864406779661
3	Precision	0.6885245901639344
4	F1 score	0.7
